{"version":"0.4","title":"About Us Woostify","type":"page","content":[{"id":"c2e8b76","settings":{"stretch_section":"section-stretched","content_width":{"unit":"px","size":1440,"sizes":[]},"structure":"20","margin":{"unit":"px","top":"80","right":0,"bottom":"80","left":0,"isLinked":false}},"elements":[{"id":"3f37d1c2","settings":{"_column_size":50,"_inline_size":58.472,"padding":{"unit":"px","top":"10","right":"120","bottom":"10","left":"10","isLinked":false},"_inline_size_tablet":100,"padding_tablet":{"unit":"px","top":"10","right":"10","bottom":"10","left":"10","isLinked":true}},"elements":[{"id":"7bf476a4","settings":{"title":"We Are Best","title_color":"#787878","typography_typography":"custom","typography_font_size":{"unit":"px","size":16,"sizes":[]},"typography_font_weight":"400","typography_text_transform":"uppercase"},"elements":[],"isInner":false,"widgetType":"heading","elType":"widget"},{"id":"2937c256","settings":{"title":"Provide equipment and medical supplies","typography_typography":"custom","typography_font_size":{"unit":"px","size":32,"sizes":[]}},"elements":[],"isInner":false,"widgetType":"heading","elType":"widget"},{"id":"66c97554","settings":{"editor":"<p>Duis aute irure dolor in reprehenderit in voluptate velit esse cillum dolore eu fugiat nulla pariatur. Excepteur sint occaecat cupidatat non proident, sunt in culpa qui officia deserunt mollit anim id est laborum. Sed ut perspiciatis unde omnis iste natus error sit voluptatem accusantium doloremque laudantium.<\/p>","typography_typography":"custom","typography_font_size":{"unit":"px","size":16,"sizes":[]},"typography_line_height":{"unit":"px","size":26,"sizes":[]},"_margin":{"unit":"px","top":"20","right":"0","bottom":"-15","left":"0","isLinked":false}},"elements":[],"isInner":false,"widgetType":"text-editor","elType":"widget"},{"id":"239bf07f","settings":{"editor":"<p>Totam rem aperiam, eaque ipsa quae ab illo inventore veritatis et quasi architecto beatae vitae dicta sunt explicabo.<\/p>","typography_typography":"custom","typography_font_size":{"unit":"px","size":16,"sizes":[]},"typography_line_height":{"unit":"px","size":26,"sizes":[]}},"elements":[],"isInner":false,"widgetType":"text-editor","elType":"widget"},{"id":"540487b9","settings":{"structure":"40"},"elements":[{"id":"24d0b4f1","settings":{"_column_size":25,"_inline_size":20.646,"padding":{"unit":"px","top":"10","right":"0","bottom":"0","left":"0","isLinked":false}},"elements":[{"id":"182634fd","settings":{"ending_number":1130,"thousand_separator":"","title":"Happy Clients","number_color":"#3368C6","typography_number_typography":"custom","typography_number_font_size":{"unit":"px","size":70,"sizes":[]},"title_color":"#333333","typography_title_typography":"custom","typography_title_font_size":{"unit":"px","size":14,"sizes":[]},"typography_title_font_weight":"500","typography_title_text_transform":"uppercase"},"elements":[],"isInner":false,"widgetType":"counter","elType":"widget"}],"isInner":true,"elType":"column"},{"id":"7d0eaa68","settings":{"_column_size":25,"_inline_size":37.36,"margin_mobile":{"unit":"px","top":"20","right":"0","bottom":"20","left":"0","isLinked":false}},"elements":[{"id":"5adfc694","settings":{"ending_number":103,"thousand_separator":"","title":"loyal customers","number_color":"#3368C6","typography_number_typography":"custom","typography_number_font_size":{"unit":"px","size":70,"sizes":[]},"title_color":"#333333","typography_title_typography":"custom","typography_title_font_size":{"unit":"px","size":14,"sizes":[]},"typography_title_font_weight":"500","typography_title_text_transform":"uppercase"},"elements":[],"isInner":false,"widgetType":"counter","elType":"widget"}],"isInner":true,"elType":"column"},{"id":"77b0069d","settings":{"_column_size":25,"_inline_size":27.808},"elements":[{"id":"7146d06c","settings":{"ending_number":56,"thousand_separator":"","title":"partner manufacturer","number_color":"#3368C6","typography_number_typography":"custom","typography_number_font_size":{"unit":"px","size":70,"sizes":[]},"title_color":"#333333","typography_title_typography":"custom","typography_title_font_size":{"unit":"px","size":14,"sizes":[]},"typography_title_font_weight":"500","typography_title_text_transform":"uppercase"},"elements":[],"isInner":false,"widgetType":"counter","elType":"widget"}],"isInner":true,"elType":"column"},{"id":"8cb3bf1","settings":{"_column_size":25,"_inline_size":14.18},"elements":[],"isInner":true,"elType":"column"}],"isInner":true,"elType":"section"}],"isInner":false,"elType":"column"},{"id":"3fe5e005","settings":{"_column_size":50,"_inline_size":41.494,"padding":{"unit":"px","top":"0","right":"0","bottom":"0","left":"0","isLinked":false},"_inline_size_tablet":100,"padding_tablet":{"unit":"px","top":"10","right":"10","bottom":"10","left":"10","isLinked":true}},"elements":[{"id":"721af55e","settings":{"image":{"url":"https:\/\/demo.woostify.com\/meins\/wp-content\/uploads\/sites\/18\/2020\/06\/about-image01.jpg","id":247},"align_tablet":"left"},"elements":[],"isInner":false,"widgetType":"image","elType":"widget"}],"isInner":false,"elType":"column"}],"isInner":false,"elType":"section"},{"id":"5e5ae8a","settings":{"stretch_section":"section-stretched","content_width":{"unit":"px","size":1440,"sizes":[]},"height":"min-height","custom_height":{"unit":"px","size":680,"sizes":[]},"background_background":"classic","background_color":"#EEEEEE","padding_mobile":{"unit":"px","top":"50","right":"0","bottom":"50","left":"0","isLinked":false}},"elements":[{"id":"719e23bb","settings":{"_column_size":100,"_inline_size":null,"padding":{"unit":"px","top":"0","right":"0","bottom":"0","left":"0","isLinked":false}},"elements":[{"id":"10448913","settings":{"title":"Providing all the most modern medical equipment","align":"center","typography_typography":"custom","typography_font_size":{"unit":"px","size":32,"sizes":[]},"typography_font_size_mobile":{"unit":"px","size":28,"sizes":[]},"typography_line_height_mobile":{"unit":"px","size":36,"sizes":[]}},"elements":[],"isInner":false,"widgetType":"heading","elType":"widget"},{"id":"77f297bc","settings":{"editor":"We have recently organised a new office location at 33 Queens Square, Leeds to cater for the <br \/> growth of business for North of UK and Scotland locations.","align":"center","typography_typography":"custom","typography_font_size":{"unit":"px","size":16,"sizes":[]}},"elements":[],"isInner":false,"widgetType":"text-editor","elType":"widget"},{"id":"52bca83b","settings":{"layout":"full_width","structure":"40"},"elements":[{"id":"21dcf027","settings":{"_column_size":25,"_inline_size":null,"padding":{"unit":"px","top":"10","right":"20","bottom":"0","left":"0","isLinked":false},"_inline_size_tablet":50,"padding_tablet":{"unit":"px","top":"10","right":"10","bottom":"10","left":"10","isLinked":true}},"elements":[{"id":"3dae74b3","settings":{"image":{"url":"https:\/\/demo.woostify.com\/meins\/wp-content\/uploads\/sites\/18\/2020\/06\/about-image02.png","id":248},"title_text":"Naturopathic tests","description_text":"Quis ipsum suspendisse ultrices gravida commodo.","title_typography_typography":"custom","title_typography_font_size":{"unit":"px","size":20,"sizes":[]},"description_typography_typography":"custom","_padding":{"unit":"px","top":"50","right":"50","bottom":"50","left":"50","isLinked":true},"_background_background":"classic","_background_color":"#FFFFFF"},"elements":[],"isInner":false,"widgetType":"image-box","elType":"widget"}],"isInner":true,"elType":"column"},{"id":"217e066c","settings":{"_column_size":25,"_inline_size":null,"padding":{"unit":"px","top":"10","right":"15","bottom":"0","left":"10","isLinked":false},"_inline_size_tablet":50,"padding_tablet":{"unit":"px","top":"10","right":"10","bottom":"10","left":"10","isLinked":true}},"elements":[{"id":"54c0dec","settings":{"image":{"url":"https:\/\/demo.woostify.com\/meins\/wp-content\/uploads\/sites\/18\/2020\/06\/about-image03.png","id":249},"title_text":"Genetics tests","description_text":"Quis ipsum suspendisse ultrices gravida commodo.","title_typography_typography":"custom","title_typography_font_size":{"unit":"px","size":20,"sizes":[]},"description_typography_typography":"custom","_padding":{"unit":"px","top":"50","right":"50","bottom":"50","left":"50","isLinked":true},"_background_background":"classic","_background_color":"#FFFFFF"},"elements":[],"isInner":false,"widgetType":"image-box","elType":"widget"}],"isInner":true,"elType":"column"},{"id":"540d94d","settings":{"_column_size":25,"_inline_size":null,"padding":{"unit":"px","top":"10","right":"10","bottom":"0","left":"15","isLinked":false},"_inline_size_tablet":50,"padding_tablet":{"unit":"px","top":"10","right":"10","bottom":"10","left":"10","isLinked":true}},"elements":[{"id":"70b1a2f3","settings":{"image":{"url":"https:\/\/demo.woostify.com\/meins\/wp-content\/uploads\/sites\/18\/2020\/06\/about-image04.png","id":250},"title_text":"General diagnostic","description_text":"Quis ipsum suspendisse ultrices gravida commodo.","title_typography_typography":"custom","title_typography_font_size":{"unit":"px","size":20,"sizes":[]},"description_typography_typography":"custom","_padding":{"unit":"px","top":"50","right":"50","bottom":"50","left":"50","isLinked":true},"_background_background":"classic","_background_color":"#FFFFFF"},"elements":[],"isInner":false,"widgetType":"image-box","elType":"widget"}],"isInner":true,"elType":"column"},{"id":"4db7a98a","settings":{"_column_size":25,"_inline_size":null,"padding":{"unit":"px","top":"10","right":"0","bottom":"0","left":"20","isLinked":false},"_inline_size_tablet":50,"padding_tablet":{"unit":"px","top":"10","right":"10","bottom":"10","left":"10","isLinked":true}},"elements":[{"id":"19c4421e","settings":{"image":{"url":"https:\/\/demo.woostify.com\/meins\/wp-content\/uploads\/sites\/18\/2020\/06\/about-image05.png","id":251},"title_text":"Molecular testing","description_text":"Quis ipsum suspendisse ultrices gravida commodo.","title_typography_typography":"custom","title_typography_font_size":{"unit":"px","size":20,"sizes":[]},"description_typography_typography":"custom","_padding":{"unit":"px","top":"50","right":"50","bottom":"50","left":"50","isLinked":true},"_background_background":"classic","_background_color":"#FFFFFF"},"elements":[],"isInner":false,"widgetType":"image-box","elType":"widget"}],"isInner":true,"elType":"column"}],"isInner":true,"elType":"section"}],"isInner":false,"elType":"column"}],"isInner":false,"elType":"section"},{"id":"15e7ca50","settings":{"margin":{"unit":"px","top":"100","right":0,"bottom":"0","left":0,"isLinked":false},"margin_mobile":{"unit":"px","top":"50","right":0,"bottom":"0","left":0,"isLinked":false}},"elements":[{"id":"4d2310a0","settings":{"_column_size":100,"_inline_size":null},"elements":[{"id":"5e0324e2","settings":{"title":"What others say about us","align":"center","typography_typography":"custom","typography_font_size":{"unit":"px","size":32,"sizes":[]}},"elements":[],"isInner":false,"widgetType":"heading","elType":"widget"}],"isInner":false,"elType":"column"}],"isInner":false,"elType":"section"},{"id":"122fafd","settings":{"stretch_section":"section-stretched","content_width":{"unit":"px","size":1440,"sizes":[]},"structure":"20","margin":{"unit":"px","top":"40","right":0,"bottom":"100","left":0,"isLinked":false}},"elements":[{"id":"73fcd751","settings":{"_column_size":50,"_inline_size":null,"margin":{"unit":"px","top":"0","right":"20","bottom":"0","left":"0","isLinked":false},"padding":{"unit":"px","top":"0","right":"0","bottom":"0","left":"0","isLinked":false},"_inline_size_tablet":100,"margin_tablet":{"unit":"px","top":"0","right":"0","bottom":"30","left":"0","isLinked":false},"padding_tablet":{"unit":"px","top":"0","right":"0","bottom":"0","left":"0","isLinked":false}},"elements":[{"id":"3bf6b59a","settings":{"background_background":"classic","background_color":"#ECFBFE","margin":{"unit":"px","top":"0","right":0,"bottom":"0","left":0,"isLinked":false}},"elements":[{"id":"394b5642","settings":{"_column_size":100,"_inline_size":null,"padding":{"unit":"px","top":"50","right":"50","bottom":"50","left":"60","isLinked":false},"padding_mobile":{"unit":"px","top":"30","right":"0","bottom":"30","left":"20","isLinked":false}},"elements":[{"id":"33ba5fe4","settings":{"title":"Great quality!","header_size":"h5","typography_typography":"custom","typography_font_size":{"unit":"px","size":18,"sizes":[]}},"elements":[],"isInner":false,"widgetType":"heading","elType":"widget"},{"id":"791187d","settings":{"editor":"This is a great design and i hope that we will <br \/>create a website with a good signature. <br \/>Thanks for the help so far.","typography_typography":"custom","typography_font_size":{"unit":"px","size":24,"sizes":[]},"typography_line_height":{"unit":"px","size":35,"sizes":[]},"_margin":{"unit":"px","top":"10","right":"0","bottom":"0","left":"0","isLinked":false}},"elements":[],"isInner":false,"widgetType":"text-editor","elType":"widget"},{"id":"51f3a4db","settings":{"image":{"url":"https:\/\/demo.woostify.com\/meins\/wp-content\/uploads\/sites\/18\/2020\/06\/about-avatar01.png","id":271},"title_text":"","description_text":"<span class=\"color-b\">Sarah Finn<\/span> \/ CEO","position":"left","image_size":{"unit":"%","size":10,"sizes":[]},"content_vertical_alignment":"middle","title_typography_typography":"custom","_margin":{"unit":"px","top":"5","right":"0","bottom":"0","left":"0","isLinked":false}},"elements":[],"isInner":false,"widgetType":"image-box","elType":"widget"}],"isInner":true,"elType":"column"}],"isInner":true,"elType":"section"}],"isInner":false,"elType":"column"},{"id":"76ba5693","settings":{"_column_size":50,"_inline_size":null,"padding":{"unit":"px","top":"0","right":"0","bottom":"0","left":"20","isLinked":false},"_inline_size_tablet":100,"padding_tablet":{"unit":"px","top":"0","right":"0","bottom":"0","left":"0","isLinked":false}},"elements":[{"id":"b9277b9","settings":{"background_background":"classic","background_color":"#ECFBFE","margin":{"unit":"px","top":"0","right":0,"bottom":"0","left":0,"isLinked":false}},"elements":[{"id":"55597d32","settings":{"_column_size":100,"_inline_size":null,"padding":{"unit":"px","top":"50","right":"50","bottom":"50","left":"60","isLinked":false},"padding_mobile":{"unit":"px","top":"30","right":"0","bottom":"30","left":"20","isLinked":false}},"elements":[{"id":"31b5eb9f","settings":{"title":"Great quality!","header_size":"h5","typography_typography":"custom","typography_font_size":{"unit":"px","size":18,"sizes":[]}},"elements":[],"isInner":false,"widgetType":"heading","elType":"widget"},{"id":"7c9fa6bd","settings":{"editor":"This is a great design and i hope that we will <br \/>create a website with a good signature. <br \/>Thanks for the help so far.","typography_typography":"custom","typography_font_size":{"unit":"px","size":24,"sizes":[]},"typography_line_height":{"unit":"px","size":35,"sizes":[]},"_margin":{"unit":"px","top":"10","right":"0","bottom":"0","left":"0","isLinked":false}},"elements":[],"isInner":false,"widgetType":"text-editor","elType":"widget"},{"id":"149aac63","settings":{"image":{"url":"https:\/\/demo.woostify.com\/meins\/wp-content\/uploads\/sites\/18\/2020\/06\/about-avatar02.png","id":272},"title_text":"","description_text":"<span class=\"color-b\">Linda Aretha <\/span>\/ CEO","position":"left","image_size":{"unit":"%","size":10,"sizes":[]},"content_vertical_alignment":"middle","title_typography_typography":"custom","_margin":{"unit":"px","top":"5","right":"0","bottom":"0","left":"0","isLinked":false}},"elements":[],"isInner":false,"widgetType":"image-box","elType":"widget"}],"isInner":true,"elType":"column"}],"isInner":true,"elType":"section"}],"isInner":false,"elType":"column"}],"isInner":false,"elType":"section"},{"id":"1971cef2","settings":{"stretch_section":"section-stretched","content_width":{"unit":"px","size":1440,"sizes":[]},"height":"min-height","custom_height":{"unit":"px","size":200,"sizes":[]},"structure":"20","background_background":"classic","background_color":"#3368C6","margin_mobile":{"unit":"px","top":"0","right":0,"bottom":"0","left":0,"isLinked":false},"padding_mobile":{"unit":"px","top":"20","right":"0","bottom":"20","left":"0","isLinked":false}},"elements":[{"id":"4d0faca0","settings":{"_column_size":50,"_inline_size":70},"elements":[{"id":"a110e7e","settings":{"title":"We bring medical equipment of international standard","title_color":"#FFFFFF","typography_typography":"custom","typography_font_size":{"unit":"px","size":32,"sizes":[]},"typography_font_size_mobile":{"unit":"px","size":23,"sizes":[]},"typography_line_height_mobile":{"unit":"px","size":31,"sizes":[]}},"elements":[],"isInner":false,"widgetType":"heading","elType":"widget"}],"isInner":false,"elType":"column"},{"id":"33724362","settings":{"_column_size":50,"_inline_size":29.966},"elements":[{"id":"5d12ae4b","settings":{"text":"Contact Us","align":"right","typography_typography":"custom","typography_font_size":{"unit":"px","size":18,"sizes":[]},"typography_font_weight":"500","button_text_color":"#3368C6","background_color":"#FFFFFF","hover_color":"#FFFFFF","button_background_hover_color":"#3368C6","button_hover_border_color":"#FFFFFF","border_border":"solid","border_width":{"unit":"px","top":"1","right":"1","bottom":"1","left":"1","isLinked":true},"border_color":"#FFFFFF","align_mobile":"left","link":{"url":"https:\/\/prodemo.woostify.com\/meins\/contact\/","is_external":"","nofollow":"","custom_attributes":""}},"elements":[],"isInner":false,"widgetType":"button","elType":"widget"}],"isInner":false,"elType":"column"}],"isInner":false,"elType":"section"}]}