{"version":"0.4","title":"Contact Us Woostify","type":"page","content":[{"id":"232d5928","settings":{"stretch_section":"section-stretched","layout":"full_width","gap":"no"},"elements":[{"id":"4a36d0c7","settings":{"_column_size":100},"elements":[{"id":"290df321","settings":{"address":"London Eye, London, United Kingdom","height":{"unit":"px","size":400},"height_tablet":{"unit":"px","size":480},"height_mobile":{"unit":"px","size":320},"css_filters_hue":{"unit":"px","size":144}},"elements":[],"isInner":false,"widgetType":"google_maps","elType":"widget"}],"isInner":false,"elType":"column"}],"isInner":false,"elType":"section"},{"id":"6ed4c1f1","settings":{"gap":"no","structure":"21"},"elements":[{"id":"17b0a868","settings":{"_column_size":33,"_inline_size":null},"elements":[{"id":"2724a814","settings":{"space":{"unit":"px","size":90}},"elements":[],"isInner":false,"widgetType":"spacer","elType":"widget"},{"id":"58b2e4af","settings":{"title":"Contact Info.","header_size":"h5","typography_typography":"custom","typography_font_weight":"normal"},"elements":[],"isInner":false,"widgetType":"heading","elType":"widget"},{"id":"3178921a","settings":{"editor":"<p>Some information that you may want to know<\/p>","typography_font_size":{"unit":"px","size":0}},"elements":[],"isInner":false,"widgetType":"text-editor","elType":"widget"},{"id":"2f20a9bc","settings":{"editor":"<div class=\"woostify-contact-info\">\n<div class=\"contact-info-list\">\n\n<div class=\"contact-info-detail\">\n\n<label>Phone Number<\/label>\n<h6>+1 342 5860 282<\/h6>\n<\/div>\n<\/div>\n<div class=\"contact-info-list\">\n\n<div class=\"contact-info-detail\">\n\n<label>Address<\/label>\n<h6>168 Park Avenue<\/h6>\nGreenwich Village, NYC 1001 United State\n\n<\/div>\n<\/div>\n<div class=\"contact-info-list\">\n\n<div class=\"contact-info-detail\">\n\n<label>Email<\/label>\n<h6>hello@woostify.com<\/h6>\n<\/div>\n<\/div>\n<\/div>"},"elements":[],"isInner":false,"widgetType":"text-editor","elType":"widget"}],"isInner":false,"elType":"column"},{"id":"1e5a46c8","settings":{"_column_size":66,"_inline_size":null},"elements":[{"id":"4d7ef524","settings":{"space":{"unit":"px","size":90}},"elements":[],"isInner":false,"widgetType":"spacer","elType":"widget"},{"id":"72603c8d","settings":{"title":"Leave Your Message","header_size":"h5","typography_typography":"custom","typography_font_weight":"normal"},"elements":[],"isInner":false,"widgetType":"heading","elType":"widget"},{"id":"39bf0900","settings":{"editor":"<p>Feel free to contact with us by using the form below<\/p>","typography_font_size":{"unit":"px","size":12}},"elements":[],"isInner":false,"widgetType":"text-editor","elType":"widget"},{"id":"2ce38581","settings":{"shortcode":"[contact-form-7 id=\"213\" title=\"Contact Form\"]"},"elements":[],"isInner":false,"widgetType":"shortcode","elType":"widget"}],"isInner":false,"elType":"column"}],"isInner":false,"elType":"section"},{"id":"64af47c1","settings":[],"elements":[{"id":"4c9071b2","settings":{"_column_size":100},"elements":[{"id":"133f0e05","settings":{"space":{"unit":"px","size":90}},"elements":[],"isInner":false,"widgetType":"spacer","elType":"widget"}],"isInner":false,"elType":"column"}],"isInner":false,"elType":"section"}]}